case_id,Ta,Twa,Tb,Ts,Tt,Tad,theta
30001,0.033652370584918795,0.27926377449750756,0.0921816109373735,1.265176880797409,0.7034481543483919,0.1992945286858464,-0.49235644704075376
30002,0.047070152508892044,0.25716881173383394,0.11636950839421145,1.1285836763130104,0.8587217426719584,0.7475428649251883,3.7848551186966457
30003,0.0032218142873249992,0.4579327353132035,0.13572331039498003,1.3679268770429451,1.0355344043849226,0.5918162970968063,-9.982847754160995
30004,0.018121901252727102,0.365329800410695,0.13049745018205605,0.5048619454878941,0.9327100364619141,0.7667118996990971,6.630487119983982
30005,0.009179884359805912,0.30457003129906857,0.0937758243369223,1.1401924184265897,1.1259272371491504,0.2048808857738906,1.0978084846721021
30006,0.035724414885847225,0.2889458528239476,0.13776135394788797,1.0878545595779978,0.7640220630150256,0.998520655588546,-6.515410065003671
30007,0.03797398488388029,0.2187106883247374,0.13309940301664724,1.4376499014694137,1.0323349415227279,0.22090395327995285,4.120811108896438
30008,0.04815234556158436,0.32282987031939836,0.11001955307637418,0.7281040698191481,0.8871893993148781,0.08728821712491576,-1.886598943219175
30009,0.018408332701721052,0.5124562451471608,0.09140389945376003,0.8253148880617914,0.9550301082565242,0.373274221698043,-5.559509212600471
30010,0.04784682766630239,0.598142919092932,0.14184409253963806,0.5861953308451711,0.5662697427475794,0.6044600106100888,7.463405881621512
30011,0.017014301770571005,0.4851500673851166,0.126981677566394,1.1125227739142571,1.1646214947961244,0.0077188753196661165,-9.051258442707466
30012,0.036637647794947194,0.3775383014794203,0.08111726357923978,1.315429867719884,1.1391818549640518,0.7080436874340567,-4.382360883075198
30013,0.043342231324901344,0.3449847477948203,0.12535171142450144,1.3258783702538741,0.6336998858244984,0.19110490077125925,-3.9217320870645622
30014,0.040969605033452414,0.5375599020500899,0.11542555192541162,0.8961944672841982,0.5129243745794356,0.2958685770694006,4.439495844615529
30015,0.007151911514397949,0.5898051457391509,0.12748691759451042,0.9396759878698264,0.8058726906588545,0.530030409610845,-4.254343395672228
30016,0.007240859097999212,0.5402520635492918,0.12721010586408033,0.7454825010059677,0.9076786146191984,0.692484938956387,-2.723202255074396
30017,0.0004175905901085031,0.4767738643032908,0.10507798754215925,1.110359323356618,0.5445350038070643,0.1347359046227377,3.1533321662616594
30018,0.016941878378992293,0.31677050455690015,0.11236032779016142,1.2423671230023356,0.84951328201242,0.10716300636651901,4.802691191503632
30019,0.02104617509087636,0.2784489441200567,0.08836839071752037,1.4149157202527407,0.5381507652165175,0.45317850163778006,-8.646854670455113
30020,0.042509937957518854,0.2556343952919881,0.12145482813705338,0.8031424061663267,1.0859367664882655,0.3225923349442903,4.0850335458759
30021,0.005012769032289248,0.4584905833015572,0.09603331804130254,1.2688940083115088,0.5365631298917034,0.34913965453263923,-8.619992980056068
30022,0.027942245086152707,0.41403957419202775,0.10341623567088348,1.382601699271071,0.6398406883155263,0.39320530028763223,-0.3964939659338036
30023,0.011532855508748115,0.4558488755717032,0.08440165750523324,0.6627515728869494,0.5276498405706513,0.15368880886903424,3.625848148921751
30024,0.04089006597574204,0.23576813255473297,0.1057169219861739,1.2742743821718572,0.6588720697833257,0.9520031373992769,-0.20338210888062846
30025,0.03321632379780649,0.5676125117093149,0.12679232948835273,0.8131530146684214,0.6357983642155134,0.5175442878185266,-9.183975749129393
30026,0.04947196920865965,0.20138831592700845,0.09968606435439649,1.1581086800699012,0.5785834724182229,0.8743005091996487,-1.4966572549008088
30027,0.00022203598727726115,0.5632974401831174,0.08745465795396766,1.1504741520686692,0.5058813788830864,0.3149459076489288,8.43762622775246
30028,0.010914905265235537,0.5466506112048133,0.09715432757187478,0.7147787816527702,1.101628901028057,0.5269463086307153,1.0489738051214754
30029,0.000318437181069867,0.590764396065594,0.10171153219737006,1.2091812200062653,0.6700197811536716,0.49900757014645586,-9.7141032430615
30030,0.01474607343260723,0.3363329612023726,0.12041701495594585,0.6208434052416869,0.5750671679676369,0.8810060036958217,-3.4203271904317676
30031,0.037689972584042886,0.44327968317578337,0.13188266803996063,0.9842616096586992,1.1075950319552081,0.699089966228043,8.553519156372356
30032,0.019926934892416925,0.42285212485608276,0.1039132104666934,1.1665755561291498,0.9589711155153815,0.9504368926973019,-2.192914222400155
30033,0.04686614581176783,0.4516842992066769,0.1104313247031694,1.2078166245094137,0.6856059793553138,0.538755679709206,-8.385222768104416
30034,0.011322982143784494,0.3883842085115,0.09702146831103334,1.2208565314124376,0.9856414813349563,0.4940041827682111,-4.755915340240817
30035,0.025680597748088257,0.46763487693374306,0.09926665333507848,1.064744480550655,0.5902613521607261,0.9726849776369714,8.481476027012626
30036,0.011074015497342108,0.21483245660050174,0.08976162140783596,1.0341011286788508,1.0815095237347139,0.9749277353783117,-7.738020818312938
30037,0.04150310402711987,0.5346189166249101,0.08588115094449915,0.6139306546742062,1.092824857032741,0.6176655902913897,-0.24653579831184835
30038,0.022102771500698684,0.3983754691420076,0.10937435768092559,1.1735490640703983,0.5625797825125523,0.05970175920309706,-1.416631785575241
30039,0.02239857818902805,0.4190451753820416,0.14920937404767132,1.3337085294648754,0.8777942926159699,0.8977434462204513,-6.022853972939286
30040,0.005542729877128295,0.4148428888627381,0.14381567541011772,0.5566573163556185,1.0692915803238692,0.12517582668715876,4.024390143596285
30041,0.006343744036155726,0.20960780851208483,0.13684308696331793,0.9340829824340273,0.8130473975885012,0.5708402017156277,-8.957704205818144
30042,0.04641603517900442,0.3022299744836896,0.08770623059037483,1.380966576070156,0.7609803506255111,0.8867116195784056,3.011411528461732
30043,0.04243686761596513,0.21244776360398443,0.14676675950470586,1.3314707636148875,0.532709925353426,0.2774752174295978,-1.3658578929949687
30044,0.04886294600530131,0.29770522544792105,0.13081087189909754,1.2464935220550797,0.6118941093966471,0.383957170399619,-5.015509043453289
30045,0.01799613908947704,0.3535808279494954,0.09985831751070694,0.8530648111500037,1.044905198782206,0.8604001707544114,9.482844371880375
30046,0.008000589003331747,0.28822367250847436,0.0895005175231639,0.7859514638666512,0.9730377603023905,0.010213963207504086,8.104540386963684
30047,0.022834151204177908,0.3051931419130483,0.11054638294992382,0.8284269308356025,1.129404277807696,0.3887200028658069,0.8950348174749241
30048,6.823518632481434e-05,0.2626938537011207,0.11964390816341366,1.0479511214352328,0.8083794436212121,0.6463931041792264,9.726235790549097
30049,0.04972030866877816,0.39700030564982847,0.10159639206305503,1.041038871408246,0.7586048242964971,0.9682618735371392,4.793017893643718
30050,0.006762355840215811,0.3803602166793132,0.10064441260081537,1.2415162878282224,1.1310623661629162,0.6362445384368148,6.210907625311783
30051,0.03055417430778691,0.32608134329113747,0.12937875802224527,1.294837200786086,0.6209804746514576,0.7817300573661319,8.773958068586701
30052,0.024939076025434548,0.39138733690588456,0.09424040669295165,0.8989303044222784,0.5352794004808219,0.7332110698379659,-6.908050613627433
30053,0.03788566934606484,0.4922354449204299,0.10868836037802632,0.9275818797370445,0.9927451361243995,0.24686048834117957,-5.67360418693219
30054,0.030638205794185986,0.3718340878422023,0.13714334970906583,0.8633309714039371,0.8341090112130887,0.30450062074329043,-7.542722677986072
30055,0.012752193353341438,0.3183152821417141,0.14479286358321272,0.6423223278856295,0.9317697875464674,0.6706287980239871,-0.44066954904097777
30056,0.040036332921831896,0.49433686491713,0.14189578943092226,0.8792271226743595,1.0157399261551816,0.8980902888935118,-4.206369743227042
30057,0.007548838383120322,0.3662912138887755,0.12991478578529458,0.6930637402187152,0.7304793512803921,0.48893887487000254,0.14339311331018934
30058,0.0466744788479039,0.3298392578795802,0.14713583050089968,0.8709227410266844,0.768314076755167,0.8856451798932028,2.9740903537732954
30059,0.04399071754697153,0.29566667826619225,0.13855672192254448,0.9282593104008718,0.5464798148594461,0.46083213206937906,6.558551951025258
30060,0.004849670184179535,0.36261926417578205,0.10370342484095543,1.1326589969755159,1.0093246682879196,0.12094568837711117,3.599638064801532
30061,0.00793028021327224,0.39880469508493116,0.14253235494273236,1.0481032273536437,1.1314098791365494,0.6573125469965301,-0.8083337606110579
30062,0.006049948675030302,0.3861686083731686,0.10880688289321153,0.543532425494224,0.6605856330513221,0.5520086580811706,-3.991707714478742
30063,0.012918012094694405,0.5482372425805291,0.10012492574371228,1.4125852721423247,0.6321768175543246,0.8029311972175935,1.8782799348972787
30064,0.011129318128302106,0.584903944906929,0.1376612492252141,1.0442723731969208,0.5205463970121808,0.18009150924037395,7.666284032257181
30065,0.045434219049713676,0.4020097077517276,0.1427327792451275,0.7591059329400849,0.7437708603845734,0.4542439583068543,9.137215810947769
30066,0.039548020852095016,0.39533123756417254,0.10335685666336933,1.1600393663051716,0.620170394936588,0.9162902443668531,-5.430568977271494
30067,0.006175881032100388,0.423786235763676,0.1451344173506981,1.3002363993958173,0.7530574059930875,0.3857755082606209,-9.80573350812079
30068,0.02588892890317862,0.2636606935853785,0.11610828277354776,0.6310524582450192,1.0407029280858155,0.5640562834687395,9.207236584669822
30069,0.01944683567139328,0.5608497613980181,0.1109365583335472,0.6764073866494642,1.1692637249940945,0.03731734004568071,-9.306874045116793
30070,0.03620710517887719,0.42753205539366723,0.11521446431173774,0.6273263937430437,0.8022732838502464,0.04482363163625123,4.920798034649572
30071,0.01938594820876567,0.5579986572673503,0.13422639275780585,0.7574086635984016,1.0838942454251361,0.3217809217555821,-0.4265860273019264
30072,0.002358272464061532,0.4455732162074004,0.11879603346377265,0.687852370437667,1.062945763724564,0.2893629983081576,1.2594162930117019
30073,0.012415229779274934,0.21365134074656314,0.0888352196063836,0.6984966712734177,0.5543494545077601,0.3419967622469284,5.9694157475339775
30074,0.004703255192160659,0.5330208332947313,0.11776733962927721,0.7491341539635211,1.0472811316502506,0.35694931960369114,-0.0629024612637501
30075,0.04012290460030506,0.4407818574032184,0.1351907963710233,1.4806796755401157,1.1150431764303548,0.58505093422627,5.141514730639598
30076,0.023586053275438248,0.25410723004212765,0.08256103438349931,0.5722684703346046,0.8680271731094756,0.2675279476615282,-2.9653405769802452
30077,0.014417924107772918,0.43683803833186163,0.13909039311529703,1.387922854592714,0.5100856291091087,0.6080538288270473,-5.14484281888971
30078,0.04199180988257861,0.3492877160870145,0.14240859499564432,0.5533367755952495,0.652581514361557,0.8085394391378039,7.596859031300337
30079,0.010693107934961178,0.35056755894459357,0.10488613423880844,0.9914896769832031,1.1555035950595698,0.07564987851774416,8.92366564434817
30080,0.004946831253442658,0.21789432134001477,0.11649676480688057,0.7884554774569988,0.6572253678727819,0.9714318213163895,9.06295935658487
30081,0.03913736269149426,0.2342904254616867,0.08404740766422729,1.1208915035860456,0.560385424816174,0.5403137795736827,-8.21157939671247
30082,0.03179286869840739,0.400768821590328,0.14640824532463836,1.4637151161302167,0.5917884985097913,0.2737206785851141,-3.3585457971952284
30083,0.01564661387585844,0.2965971415022957,0.09306159742750117,0.9755700521701656,0.5282231453173691,0.38144708852773374,-1.6353373185808984
30084,0.0020231555624817066,0.35275123883382564,0.08536202930689253,0.6566149201887777,0.7084287658560194,0.7949068980498449,0.7499314344571992
30085,0.0029625534005735463,0.24138706297272866,0.14835064388695957,0.7479259054710301,0.9645042587334436,0.928684643796967,-5.991708070815106
30086,0.03480518401453201,0.5177911412745705,0.12560996564146232,0.8094478017695943,1.0233754496558818,0.42536193465472427,-3.9081018222195487
30087,0.04833766997260837,0.2992030517216986,0.1133872874990008,0.9179365031315998,0.7430917962281498,0.8302539350684306,-4.467490086792981
30088,0.045798665493694546,0.3196755386677683,0.1215861027738012,1.3432731405851182,1.1806006259309263,0.8718852731649651,9.620134519578446
30089,0.030777909898920586,0.32202776518379583,0.1482742864694213,0.7018570443265348,1.1949636201799652,0.8332935197937853,-4.427113569786111
30090,0.007774387910731966,0.22360141781168666,0.1075714273063095,0.9803459651512061,1.1436879699651952,0.18883273612425655,-3.455391298156494
30091,0.012267942414840954,0.3416736608021544,0.13564572854875745,1.1275468927153414,1.1970348182533372,0.7611273539631377,8.875981826844441
30092,0.017245778592685435,0.2679748498813631,0.12325428639640487,0.6175018831915877,0.9760736926975144,0.642776634187921,7.842228816229454
30093,0.037132924239507537,0.5935038595101418,0.09337536948251508,1.2536502774405696,0.7140014723467909,0.1611304861923388,7.112359076752142
30094,0.008348998803765892,0.33595985301545433,0.08134941058843637,1.229224277181598,1.154945967027722,0.7183053684687754,5.561849737927403
30095,0.04115135484707441,0.5499636001590198,0.09206066573496452,0.5134730855386836,1.0277975414319322,0.6131524888904681,-8.778960175339328
30096,0.038394859688673254,0.5521284636976191,0.11409638203186769,0.5254989188836321,0.5692275859191457,0.06219728108816301,-5.7276518584297795
30097,0.041094549022814175,0.5285411724779516,0.10020339102202817,1.116474098801783,0.7984791769361843,0.013393753229755133,6.274276046627843
30098,0.04446937526639235,0.4607187246369437,0.12861380393779598,1.213237188565918,0.6024920091309525,0.5569161349597472,-3.77040504764809
30099,0.02259526493888206,0.39059458329265173,0.11492342507700784,0.9141101351306382,1.183775226278605,0.560879071113149,5.271146159365399
30100,0.016823961855398622,0.4392884658187596,0.117598217682353,1.0699406698245726,0.9705444145683872,0.8248665577002293,-7.780165448828643
30101,0.006439615444441742,0.42172161728085855,0.10193583467900671,1.190789288448985,0.6178364526207458,0.4366234322871888,-9.439696839817978
30102,0.027712872381464262,0.5378859612259292,0.14530093435457003,0.7437166066476524,0.734175916702625,0.16976084344086195,7.683867602804163
30103,0.035583453797327816,0.5300654172518757,0.08373253253317617,1.425119926406891,0.7087601451773563,0.6481921619809364,-9.599703611393815
30104,0.03650756348747189,0.4951819662226116,0.14335234717606704,0.5466626490209417,0.7317298669506089,0.37520381174496076,-7.008192885545569
30105,0.0037865221712843735,0.3142278614869305,0.10817410706985309,0.6181374114511317,1.0150750313215382,0.582457871811247,2.1250226021999836
30106,0.003829943789563746,0.20665052938494255,0.12273015900211025,1.3098364983957043,0.6384172612367154,0.6783945031669615,3.16332205167404
30107,0.019521250357372802,0.27171350104447123,0.11125960975538315,0.6608527045400585,0.6089608595950404,0.4844287598064546,-5.794372439468354
30108,0.01618996385337681,0.22103906119980893,0.09900443915548132,0.8354266831731115,0.5342877618922863,0.31316421483625917,-8.090881846213495
30109,0.019813698955302272,0.35438257753026925,0.10234647226415668,0.5088984532992243,0.9964789010789756,0.5229869566626718,2.6767274065857
30110,0.0059811022111318085,0.2258989972030511,0.10272280584714272,1.146436935515588,0.9410527015173974,0.6284049836532729,-3.8551763967371953
30111,0.04733161328337184,0.2707257429668613,0.12737323665059286,0.9184896746102955,0.5804362308283383,0.29261134103044845,-4.578431901233903
30112,0.04059594970137014,0.5685342704565604,0.12107577304040501,0.6495932547437355,1.1034625358334647,0.6195962880938577,9.90927258997866
30113,0.003386612743073825,0.5840047535021107,0.09398570167136125,0.5343214742173852,1.1182307365860442,0.7690118741729591,-6.262083856608758
30114,0.04566026725228971,0.43884387247246204,0.08097440799476056,0.6719946773389669,1.1779315784668505,0.4141527807632148,5.915727419966386
30115,0.020430968599213933,0.25859107304353113,0.12641297615691904,1.292730041953636,1.0593065776787363,0.7217091272153179,4.8589064774439095
30116,0.045058820680266225,0.5595464530824488,0.1185376858815691,1.4951305044382268,0.5241774273368459,0.33248068883348003,-8.53676972248623
30117,0.049898255787491796,0.555365210791346,0.14295267578484053,0.7134274587969763,1.1602522625450455,0.22412148907624113,-0.5402662251708161
30118,0.04635168044128382,0.3168646293383045,0.08202183468990437,1.4264024030350364,0.7017791264755753,0.8939069371168257,-4.103295618079726
30119,0.045876385423248844,0.4262454372632628,0.12290643878674556,1.3968992112262013,1.1797537326676184,0.17444789757464577,8.715061842598107
30120,0.04478801561650069,0.31541367127875153,0.09875678553189188,0.8172109177174133,0.8245369423662345,0.35229296853519365,5.411805513758907
30121,0.026223274570407115,0.5156737769065876,0.10094584341636556,1.084339294375826,1.0475473994215878,0.4203223137685212,1.0077147992924296
30122,0.041494847787461014,0.43159754365698344,0.12359889952994862,1.0294602222278488,1.1463108817893426,0.8500170689219093,-2.231277994954267
30123,0.02553571832017292,0.37383747215412955,0.09583904355618095,0.7901095822748156,0.9938240256618796,0.7384306875459945,-7.915888227239346
30124,0.04035758377311198,0.3387976128810021,0.11751720758247791,0.8499378829952329,1.0195218305697291,0.27127464500777265,8.98011772935131
30125,0.040778777584060295,0.2807698408142279,0.13336108628889728,0.7749271879982315,0.6362097410340147,0.028648352506394706,-6.131190246298395
30126,0.010285859742155935,0.5355613837392388,0.08897155817390871,0.9240863593119326,0.6413356841599156,0.6556133105344708,-7.296668040763011
30127,0.0016927407258525169,0.5796751870153013,0.13617996376605973,0.9797572876373365,0.612049582731535,0.1852243104360041,9.184565013545466
30128,0.04184041824709611,0.3284636094078166,0.13637002817031457,0.5581901047011412,1.182358044508598,0.10281355874924414,-7.500034826104912
30129,0.03527834874750851,0.20721458465894121,0.08555734756771934,0.6043666302426366,1.0166809928367648,0.6657051533846273,-0.8521335681022286
30130,0.001723190818860642,0.312759723063858,0.09568881287247988,0.6824410175703913,0.8297568801101685,0.4093481144701661,3.910066423310285
30131,0.02710792382452362,0.2515364148985763,0.0860610550924128,1.2579507013371147,0.7274921593139337,0.3862794365824833,-1.9277037533434491
30132,0.033450992723671566,0.4152303631460684,0.14043670964640328,1.2627069622480738,0.6683603842824444,0.11047488437427168,5.394609670126755
30133,0.043140703148095524,0.22003867132857347,0.12023142908167779,0.9593184609309924,0.679348600816924,0.5120683469814099,-2.2770482314202134
30134,0.03255102492737149,0.2231851037198405,0.14704561179315756,1.4100674948131289,1.1054594008720244,0.872635863355586,-9.014766490793479
30135,0.04345220530887627,0.20201575169691344,0.0953277252609714,0.628450222196612,1.0871790146368894,0.3304496665118194,4.759570842920095
30136,0.009413767446474229,0.47880555197133795,0.1316053150012974,1.3185787662174262,0.5397998079944065,0.16765752646184845,1.1418365050334565
30137,0.027627420981027703,0.24242052198508843,0.1444081620625653,0.8591441066053576,1.002123592499931,0.4500268536854192,-4.300109366986062
30138,0.01657594500770852,0.498666123970732,0.148807043520623,1.4643712381676268,0.7913673658470906,0.7028995356636714,0.8779991268869338
30139,0.04417072027496078,0.4249420792966516,0.10442448339711631,0.967517297347408,0.9015244500923901,0.17098148794524973,3.4298892497134243
30140,0.02308994581883688,0.4510266550150575,0.0973603879262809,0.7986176329583259,0.6004956332027243,0.3652603727731201,0.16478626808611807
30141,0.012646204382204979,0.3612559746618438,0.13678413305642995,0.7301872491954039,1.1766709409443399,0.6887162875240666,4.34019140767135
30142,0.003527786529029893,0.5015893192351406,0.14068169193874555,1.4048151907331916,1.0576221630191163,0.6395112645270954,6.68178557489011
30143,0.04802357003855318,0.26630194581696887,0.10687331287801584,1.1065305455027725,0.7934475994708644,0.9072024617741365,-8.840102876316095
30144,0.003473075193637126,0.27330343412853697,0.0979925194183127,0.7092047166333355,0.7653946205221742,0.9252429591642859,-8.814031695558256
30145,0.001474146705223471,0.4829287324423677,0.12083316022915674,1.2043123886591505,0.818648619590467,0.14153523616381197,-4.832056083019091
30146,0.005125756250490953,0.31021683832951674,0.11569332751557102,0.9221946660633131,0.6894033419618539,0.759770187886798,-9.382422061611177
30147,0.04456401216961817,0.516198654688283,0.09616631886272245,0.7056337425747095,0.9995478940681801,0.6323380558361152,6.672213357433961
30148,0.04537795981633842,0.3782999156150818,0.14105212300692677,0.9041263043036403,1.1091982729593786,0.6350209379845934,1.8843811546698337
30149,0.014803848368220221,0.4866883733302073,0.08824092625590957,0.8942861773958173,0.9197532522705703,0.6864471819332391,1.7602538335441338
30150,0.037215734840025896,0.3556485616405972,0.14993256953632206,0.5881372298978482,0.5840303157611935,0.015089822204004611,5.101921150409376
30151,0.04510001863797773,0.3963462227666643,0.10116582813550658,1.4462310190183802,0.8547174451514503,0.7908217135841404,5.781350001500263
30152,0.03293365118901546,0.230039369452697,0.11953515452850783,1.1363110562529934,0.7997006221988707,0.9607652252111835,-2.0922456296805354
30153,0.024643083728281293,0.5968150813466961,0.12234866289328658,1.3391290240033902,1.0765678501408091,0.36658623356032527,0.42357341418965966
30154,0.024558088181382484,0.4595078527698916,0.13962715940920356,0.9115268079457095,0.7701393481516119,0.5544015578457238,3.4652466821455956
30155,0.013495489905896302,0.23076226931672633,0.09327964547251799,1.2265359644505738,1.0777990776626099,0.2062513754278788,7.064316151063213
30156,0.030972046178678922,0.41237793959667024,0.09767985379598568,1.2336481672149429,0.6955801310299905,0.6856824365192645,-7.226565106483223
30157,0.014314467739737137,0.5955119713229289,0.12014584817239511,0.6855559013915938,0.961093281975711,0.9552279652787681,-2.4511143903580868
30158,0.03102086680105904,0.21988991716171213,0.14805976723253736,1.3542401281429526,1.0059047068735876,0.8952147885392242,9.353063455975331
30159,0.0025014894916760236,0.340356913393288,0.12883634261073781,0.6802816206905568,0.6279071953596624,0.9194679403229428,-8.145071647724038
30160,0.03988680446475445,0.30765806432241694,0.13452190295670158,0.9477921653642392,0.9131979592408184,0.4901461386336368,-7.811894977084012
30161,0.030343173378544003,0.3519522766590766,0.13552825068991942,0.7262373617724964,0.529826906565498,0.6833469410005335,9.812346281302002
30162,0.020626803078737654,0.4095947290915386,0.14411616048830628,1.2917991638363269,0.745025342158634,0.5501811126907777,-1.1389771625964666
30163,0.039967077450564076,0.4687489767150284,0.10988694141495534,1.4210431830673063,0.6940824605288551,0.05420628308834459,-1.1171796501867544
30164,0.008207757597019858,0.536451961513678,0.13383800199761092,0.6588521914214098,0.9028695063498033,0.2994311646012627,7.92008988264816
30165,0.021473532631404085,0.22746972528754883,0.12199232472431551,1.3712380369976747,1.1892307050981614,0.677151466033183,9.645339378129488
30166,0.010726180102209045,0.21196262092081816,0.13005110883720805,0.844233533693104,0.9780914519187366,0.5873165072724805,5.814763478162684
30167,0.04137295218935128,0.5984169082314739,0.12090611546659098,1.1308757607623563,0.9047436180570073,0.2609724649513221,0.3116201614491505
30168,0.025718637854668238,0.27503052856367083,0.0876684915776308,1.0243982272336627,0.7591454120530303,0.8899718791273898,-9.749275444053996
30169,0.04203343895199942,0.4752952400843543,0.1446284344595392,1.3065425857495327,0.7221563173030847,0.7248855442651743,0.010368211286472473
30170,0.0010512970455229531,0.37288489351471205,0.09670030207433418,1.0619037642117213,1.1082731970901427,0.6961610316857348,-6.451097298939586
30171,0.03249579676773919,0.37222020572626113,0.13818791251638193,1.075246749612954,0.8799793796913477,0.9106820146669347,-3.051586786897258
30172,0.02918987133153006,0.5495093332139125,0.08431854058364074,0.9096748221927234,1.1445297357973208,0.0490197009586747,-7.866808151161182
30173,0.0018799125128620084,0.5781233743585827,0.1414439564165797,1.2544781415845103,0.648381429706928,0.8687431823983544,2.8168169755021104
30174,0.03195696008192632,0.5096503316295331,0.14744709191415034,0.9885234732897749,0.8661159487834478,0.48046201749733536,-6.347346632899885
30175,0.04302940044438789,0.5812716295333347,0.10909852073839141,1.165746363963497,0.6767926396876143,0.5096858953557147,2.785320794650925
30176,0.03814070772422265,0.4930073053059928,0.12788349865343845,1.103840838226374,0.6649122351741362,0.44869200449091823,-8.349744107030347
30177,0.00441736316361754,0.41806674298335705,0.11829273360312983,0.562250763893332,1.1347600671781617,0.40103600405623246,-7.195287108348751
30178,0.044385290550543695,0.2900442757119237,0.13791398601981714,0.5306596134315443,1.1849404233026004,0.7970454891880688,-8.2470285393938
30179,0.024827918312310678,0.5821211363864942,0.09548098058315688,1.2240061312980677,0.8422647900824638,0.6255556862612021,2.7023715727980786
30180,0.02113349885536627,0.3744973780386938,0.13170370901217865,0.8152505928952016,0.7517575053441784,0.2748962349429076,-0.3251768916050022
30181,0.01513491736851311,0.25326816303170235,0.09521820077492527,1.348229269769187,0.6226169002996051,0.1425349652403822,-9.779607374220674
30182,0.016411807669023323,0.301486764862693,0.11264595332135333,0.5037156880907919,1.1516239049051724,0.46325112047279143,7.622811277693579
30183,0.0321083416434478,0.28718707046027153,0.12129782164094145,0.5408491302645101,0.6505918367405442,0.471325906032703,6.910721218384214
30184,0.013050392108719222,0.40976363601741683,0.08864151659526395,0.8615319203218879,0.7820063321640658,0.08280393778080683,-6.674868343190747
30185,0.046537304607653644,0.4350942482332711,0.10056803888346395,1.2988138624088301,1.1934490878933102,0.45817948255466334,6.299625965055075
30186,0.04590930444277518,0.5591380921905631,0.08715979623411188,1.4390652566573467,0.8074504884054328,0.8124056341079433,-3.641617335701107
30187,0.004223790639962962,0.35711326272886534,0.13493817275498163,1.1855689951764208,0.8105461593685723,0.4358534929701207,1.3612209387194412
30188,0.0008819754561593002,0.5307443082631709,0.08212930437514365,1.3642778805400546,0.9509610152112139,0.7372335161253181,6.879698005789756
30189,0.006256608908632672,0.3346179602513217,0.08805759713437729,0.6099620953550047,0.6257295681610137,0.9336062706262972,7.305736884608482
30190,0.0392415391291725,0.2165132473622721,0.11294972541999952,0.9686892676861848,0.9100454892450901,0.23159539654562808,7.757265482619555
30191,0.01754590151104138,0.28207470125145945,0.14439142954264966,1.4015069168034269,0.7884972514525967,0.4051450611097559,2.3402012757662387
30192,0.024198120003477826,0.5604773363914498,0.09787368561950605,1.0384621291219274,0.9654063810707385,0.430114046132505,8.825306099493368
30193,0.04758968478394382,0.595044493489262,0.08044184504880227,1.37962489864855,1.064723395536248,0.6803341891057227,-5.697924849958354
30194,0.025382572759033602,0.2758303282327674,0.08929365073411613,0.6229171491613176,0.9438654427860613,0.8420503350415125,8.56438696686924
30195,0.028518134949354054,0.41168191094050344,0.14056122326448398,1.4892329430130709,1.0796847913516712,0.7432462518654664,1.4322636254315633
30196,0.037700642896242795,0.38972883683924553,0.12331355696848659,0.9920036568649542,0.5046474901540355,0.6279850312110321,-1.0362407439912804
30197,0.0012824241596097413,0.44604577488172054,0.08183933271473567,1.3038456940362744,0.8917125400995849,0.9834110154618829,1.2126412372843376
30198,0.029543946398841094,0.3132699077648667,0.08491492376838539,0.5008682220856351,0.9257538242407226,0.49397207663057635,-5.476336809490487
30199,0.007048564140308001,0.4614626669767695,0.14581788964491044,0.955367748811756,0.738120833595093,0.3281084684644277,-7.619017455383577
30200,0.012514502445155135,0.2549131099981774,0.09817625002260878,0.9439896846700495,0.9913538332756994,0.10037685315049011,5.662754091774673
30201,0.03494450131295227,0.49760716143334066,0.12138418702864016,0.7384611286936266,0.9241794241036053,0.5951244674633887,-3.1042068403169587
30202,0.04899345475244174,0.3483490432834848,0.11283115318801207,1.2712328452778379,0.8436937575633454,0.18283328656212194,-6.727718728040174
30203,0.02896732928058429,0.2814586454620201,0.13371077411862836,0.9778631977197675,0.9122550953543496,0.7763227655238756,1.7215983837322177
30204,0.005200318110929331,0.37638788416352886,0.10886126014015965,0.755392893663791,0.9349357787447589,0.7122427932494488,4.912600836872938
30205,0.03826240184281879,0.3876658226242087,0.14954582912669867,1.1523079051126173,1.133904218253841,0.9037585862362241,4.4798516677710705
30206,0.0028918600491773545,0.3939546429621889,0.10829888886335745,0.92102356519733,0.8117404520232544,0.08095406935979566,-2.482921672740421
30207,0.012096055372837504,0.5057009148312821,0.12304880354524486,0.7349019438108767,0.7249400771360149,0.8261877337758895,-7.661480855346671
30208,0.0030917122572547604,0.3704401274491691,0.08170175577031391,1.1046555185043883,1.0942613770945697,0.40795711928166034,-9.66348167476528
30209,0.04387251154761354,0.4413157663381032,0.1221342514183751,1.4552067406544145,0.5719861629165657,0.9238179920893786,1.1884579626734606
30210,0.028090007538564107,0.35624735365342614,0.08162974416448265,0.5275240280254352,1.1234135619600967,0.44165872595471933,2.3739636412785714
30211,0.03220907821312621,0.42056097651881774,0.09172875521637626,1.3116971184017763,1.1676786435895778,0.4466089928116195,5.286606502086521
30212,0.04724124734595299,0.519137173105499,0.1290474449067701,0.8214091521074474,0.6562386081581504,0.8148214829404072,0.5802149472359055
30213,0.0300276273451517,0.3395197483243766,0.1498209538238272,1.2000090397166636,1.0079894119607795,0.9428942993358412,2.4409260514806306
30214,0.04955799398809833,0.24905812623241558,0.0993350177886916,1.4021262088229935,0.6990272195110812,0.42214937724648866,-5.603012965568719
30215,0.024076746195284077,0.5425582219495524,0.1339388629693784,0.7804599497448572,0.9495923789670933,0.8573147607357156,-0.7213481917751317
30216,0.0036797043553183466,0.5625831403594246,0.14613159712911783,1.1496512122282356,0.9169432251018149,0.2977737064650271,-5.958692669290363
30217,0.015265931001888697,0.38467070760478117,0.09989930568103327,1.2163291168514059,1.0656596219446577,0.9772390758986991,-5.5103421119783285
30218,0.0026471133228890466,0.5116373811953644,0.10915105526759153,0.664891995013262,0.8898883611487366,0.21955866048411632,7.186444430511305
30219,0.006943532608016548,0.48200649522671696,0.11096290470229996,0.5068711708425668,0.6138458402191467,0.5194148493872102,0.47624180861729215
30220,0.03015536445948515,0.3790017946782931,0.12064106993783663,0.8728511873647857,0.7969683734862092,0.8174822744671902,8.236931638677135
30221,0.029261166774633553,0.481229307174522,0.10692057904408932,0.653800595459664,0.7958433113735317,0.3783262320180168,4.988986130189289
30222,0.025248902370281323,0.576997540683698,0.09022528588027684,1.4748092985310564,1.0097237744153302,0.8395202654164906,9.945022215471415
30223,0.04482740379824446,0.45287395958995696,0.11809579175500817,0.7361878907715186,0.8970396168325054,0.05741992687531612,6.184861251742525
30224,0.03514626699353247,0.34793959670089314,0.09683553545397229,1.0178453435875128,0.8645446880939399,0.5975707729921528,6.013456868254
30225,0.015326521613219336,0.23485017442763956,0.10409059029820714,0.5453957621119413,0.8828556189781175,0.31814718696808764,-9.630018696805973
30226,0.014285471570422032,0.5288374927844026,0.11903164054364027,1.20319303897785,0.9875390548209948,0.5325052276532521,-4.663185708340704
30227,0.0013213762963375096,0.41649884856348196,0.11676248257377324,0.9733715226005576,0.5005282865275218,0.04787033309791984,7.513429706833637
30228,0.0009889892693111186,0.31452116045055084,0.09294444577950736,0.7923237423141174,0.5653898901034434,0.9464874656165774,-4.015027150969751
30229,0.007357879571885126,0.3026675993781444,0.11155049775217159,0.7409044764854221,0.6730326917492361,0.22313801342553424,-4.055134135832335
30230,0.01500152932496924,0.36442447133702044,0.11075054241565485,1.2354580349895739,0.7229836626099759,0.6225574037693763,8.67703595674099
30231,0.02093706742453642,0.5439466949397307,0.13036422606673187,1.0660146074681913,0.5167279936025799,0.6501855678181363,7.54959454412494
30232,0.016229214916683842,0.32955123750515497,0.0891428894432053,0.9998546034819555,0.8780217268683435,0.03205144713166658,9.760765974386846
30233,0.030253814296512117,0.2644834420765762,0.10614363012481413,1.28936224969064,0.9145119713376583,0.6676856079958123,-4.5147474288955545
30234,0.02759706473939491,0.2666082159571528,0.09735095757482301,0.9320464726641963,0.7166719874870471,0.6914071166204544,-7.358955772474994
30235,0.04047669221121586,0.4712933149004115,0.12964951512502607,0.9440862597974478,0.9175099372973359,0.5931840904756782,-7.098420420386227
30236,0.029788675857888375,0.23967309658024438,0.10299567437323698,1.19789220769666,0.5492251748371282,0.598462917840678,9.090426550655032
30237,0.04068734023591505,0.576048336790728,0.14416458801793935,1.4291300443108828,0.7798157838620651,0.18787799361460134,-3.735481565169235
30238,0.03398991233742849,0.43280438571605173,0.11938558842535592,1.097479861502424,1.0187233873466082,0.0885937173492888,-3.1362556294990735
30239,0.021770752600262046,0.5923793293560189,0.10726779131039849,1.1950836132189013,0.5580742582404599,0.9667929707910029,8.05925404685744
30240,0.02612098429958052,0.42102548118066596,0.11920029409100927,1.1444354381020547,0.5936008963362582,0.06505579035930387,-0.31985777278157634
30241,0.013926496188165131,0.4013505739836535,0.1283931621241613,1.4998046270207936,0.755771572035168,0.8628507893213481,-5.57676975555439
30242,0.009817912675748781,0.5731525591058189,0.1054375471165298,1.3588689788765058,1.113830153258767,0.749239463368519,9.428544874869672
30243,0.04274051190623512,0.5246424397396972,0.122172126065726,0.6472442124483269,0.898475884324293,0.03482382845809344,-2.8855920634521635
30244,0.03889177566341856,0.30714093991832075,0.11870382445272284,1.2671255628001052,0.5989320939135364,0.9486450463835008,-3.482681058809371
30245,0.02505058712192206,0.21083656344854884,0.10655124800248425,1.0209448827888892,0.8210518708635358,0.568721290272372,0.36373578624661995
30246,0.0019518165036852718,0.4340057611249222,0.08325085768165705,0.6119122498670727,1.1860600121122569,0.2574992909477199,-5.837345720881265
30247,0.01316596383484087,0.2037091908747925,0.131461078725314,0.5683171430424785,0.5450551531758944,0.5464710979046479,-2.6358411674788353
30248,0.02161450200859056,0.3694540336645781,0.11797876593158163,1.239183342944949,0.8468056317335508,0.5724989906772471,-8.039043167703111
30249,0.04239268321294052,0.23150505035828664,0.1136343372062752,1.1797992786674083,0.6292057513346733,0.8677328844097248,2.213830633971254
30250,0.03687399565238522,0.5141281393824886,0.09754027998096375,0.5706706554231431,1.0120011063359962,0.6319699918600902,8.465726562109225
30251,0.04120910756934055,0.588191347070808,0.10471144053096815,0.7701667317322012,1.1617059417167863,0.46852296117152703,-5.322414537103163
30252,0.039432921975312285,0.45016702603586506,0.11452718763090572,0.7070458103254739,0.6486467143606172,0.4036179984990397,-0.6582392478366152
30253,0.017165266979712244,0.24691776325363293,0.10432967417943327,0.8041787960959568,1.0310049405053379,0.09765536476634258,2.8840997682246865
30254,0.043269100973836,0.4311650253692624,0.09109276663455945,1.005534375533536,1.0212791794464824,0.040320746015031696,2.8415998663609603
30255,0.011874964310489091,0.25631040252221515,0.10032209980891393,1.4409621103088723,0.9271938923447829,0.1466075886366481,-5.302277138246743
30256,0.023610778152827822,0.5066150742828004,0.11684935921970567,1.218796767332905,0.9391483164063477,0.30604173993577555,1.5865596236889843
30257,0.010142880625335202,0.23218375546193556,0.13206307716458426,1.3289687858644474,0.6873454247430699,0.8773476179551715,5.556587669021585
30258,0.0039527042084030305,0.46467913631092483,0.08561931736484109,0.5220251549556937,0.7834817744042661,0.23324928186262223,-9.532503521000306
30259,0.015720710956066555,0.3037703064292327,0.125366184015929,0.5821549175936029,0.616880074108486,0.20043867859267925,2.574059579032504
30260,0.009265528517701108,0.3184508474438591,0.11843705062563853,0.5175379422751513,0.6447673516111067,0.17722273513197434,5.338342443496767
30261,0.01599458566109426,0.23348696222079005,0.13410877788301984,0.7824730967996536,1.0704413266759258,0.662277919224566,2.6312671202598317
30262,0.01904413120958267,0.32676921459289937,0.09187541294698429,1.461481494371408,0.7801425038647177,0.8402293249802962,1.6090647563760374
30263,0.022940594603604515,0.503227798874533,0.11586263836534122,0.598911490249168,0.5736850507233211,0.45666692552732285,0.4964934786946902
30264,0.02641487558119864,0.4652020072880097,0.08342516528158048,1.157897327516452,0.7196339856154212,0.20824818892724375,-8.707643848634346
30265,0.04622201227548328,0.4174210400869012,0.11391812692939982,0.9418214447150122,0.8959962940018888,0.7653785872083513,-6.0676181512988325
30266,0.026923333096941695,0.3115399917020688,0.1295261656839311,1.0822915559144666,0.7054802275304406,0.417109036579966,3.8586715256224924
30267,0.03402916135807168,0.4993481424554564,0.10208535693758826,1.2779871343752047,0.9749268390596684,0.1581745085105516,3.702461134614019
30268,0.026635190811114175,0.5273365608781602,0.1261519007760114,0.5974936821787078,0.7706075684880364,0.823683884650999,-3.533421833240512
30269,0.020122952600879603,0.3922727449739276,0.12488387622813178,1.1093397312153113,0.9064998214762453,0.39717886094207455,-1.6421587933606272
30270,0.013798161703419163,0.5001252530055101,0.10353566081231338,1.3851504304093964,0.5311827504107013,0.8076724473821492,-7.41197173287629
30271,0.03697428225106275,0.3551223428066197,0.11208222083793815,0.6371258121434132,0.5038545459858293,0.7075342366485252,2.491007877401879
30272,0.005338106774781582,0.33805240481374577,0.11164060500033882,0.519840552936539,0.6017750323438441,0.016005050507403893,-5.085383975035976
30273,0.02740678028454594,0.5212823730522138,0.09104865497796574,1.1750697779320158,0.681567314027058,0.5622647277737155,-1.444253480417963
30274,0.03387886921796432,0.32735160534917523,0.1276215405394044,1.2821448946352645,0.9488554579719353,0.07617584974643891,-4.944904829682874
30275,0.013800849616629189,0.3639160174807745,0.10582434634254977,1.0093868841012374,0.8526907570402488,0.8296824121610915,-7.251328443750283
30276,0.0358928257314048,0.4772137677773985,0.14575559564003226,0.5546306588563044,0.8028490398346044,0.22884243803848536,5.50378651894375
30277,0.013222875445342225,0.5565677979491128,0.14505144525851396,1.3221909603130397,0.7470005567564836,0.2580648438034134,-3.1876539207173007
30278,0.024310609773749426,0.4958075711246242,0.1028202849966591,0.7242528117573824,0.980748225298318,0.7455329481231185,-4.172830681851341
30279,0.021236543870500002,0.5642896618438336,0.08484420254493724,0.9135368582350993,1.004057287604391,0.12865389977841948,9.849206213612241
30280,0.03379404676230464,0.5266388727494689,0.10504830557579409,1.1257575942964433,0.9372602595811201,0.7747125557749072,-3.566718127227694
30281,0.033558892560301555,0.5026884039875515,0.09199958583873875,0.5661989705378916,1.168982163348129,0.11382148938882214,-5.207069515048172
30282,0.007842983032043426,0.5894505293058281,0.125855778541099,0.9703891714088917,0.5527464647041826,0.5752653299595453,4.232966403561232
30283,0.02936817217814247,0.21296565375069915,0.1422289525499098,1.4838395466438603,0.8600194368442429,0.49763718305181803,1.5046307179375127
30284,0.04429818546596544,0.4196709462325431,0.0873995542836594,0.6957426722011305,0.692336336611975,0.5007553211427184,9.365647167870598
30285,0.028200798362805164,0.40745190410547116,0.0987782978716696,0.6787739004496118,0.7876685322523874,0.85895235259205,5.862044890753001
30286,0.046745336639682444,0.32001103919757634,0.08994582929130815,0.9370802388861597,1.0728384346155169,0.5359246866154318,9.274120399484186
30287,0.0347219437735216,0.2484456871977633,0.08875550061461449,0.889053382931321,0.5758843504716675,0.9953675801333275,3.957030676814215
30288,0.03977818032736155,0.24005867422999808,0.09245864782933008,0.8461734646693045,0.8728356082147921,0.4383275072163669,-4.969543556863597
30289,0.019279006637828052,0.23770188167880596,0.14320986307306516,1.0006429898259022,0.7284790734278137,0.7894453285614802,-1.1903400263538817
30290,0.01825418798429337,0.5723566244197842,0.11317806171037545,1.280506051811567,1.0886627901351278,0.06780948198182851,6.090872787612742
30291,0.009787327294878807,0.5542118383019812,0.11993207833113959,1.3208175447786994,0.78678544782204,0.9047684486901314,-3.268790896140551
30292,0.0054575873084036965,0.26229703958492245,0.11722324982333714,0.843014690507001,1.1571862778738242,0.35131979142192743,8.908361400455334
30293,0.0426418998728062,0.5741965369458625,0.09825712549318233,0.7663151128506542,0.740937575585316,0.7280491674747583,6.955827782875069
30294,0.031697763492319946,0.5336895090673189,0.10633920925633811,1.0779282833871844,0.8530450444858177,0.03075146709043156,-6.715673049297664
30295,0.023197250976995792,0.5786522788544499,0.09498316861625129,1.1883517348325612,0.8579446407560305,0.02200784414452095,-4.846218038175211
30296,0.04468531316264517,0.2091272569645195,0.08580577295022809,1.3359571645352788,0.8161576521721636,0.8473512494868737,-7.46081306782412
30297,0.031238499171256595,0.21574835892310276,0.13266895902042117,1.054951794225828,0.8275433449140647,0.06917681116596738,8.360758692791737
30298,0.0022497788968497794,0.48735931982152664,0.1301453738749111,1.1012347934733484,0.5504313496566636,0.21234940382474643,9.47182079904557
30299,0.02688889850338826,0.2267080329669336,0.13876246087907607,1.2854025197757446,1.012960843932588,0.864228429457089,-2.5476968269528673
30300,0.0327828841927956,0.4419938638381257,0.10960380244428017,0.750614429147856,1.1498495678118954,0.08430121929267594,-6.11705766582884
30301,0.03081534122100893,0.5865268523305575,0.13588382542130603,0.6140089610877991,0.5832925939780396,0.7509263915517783,-1.5904682602388558
30302,0.041730476850708846,0.3372993759821634,0.09459889911686865,1.0433879419929672,1.1425168267149726,0.9569895773047868,5.686724780946886
30303,0.0385067771944978,0.2527642960924745,0.08060595436582484,1.0958391372395218,0.5546198305268616,0.7736233090037125,0.329858981236562
30304,0.028149245854060253,0.3312460520860578,0.08523753077215615,1.093055787067318,0.6101572848739515,0.0029173588979739627,2.9451250280451085
30305,0.011224374510457042,0.562032055071103,0.13465756871773918,0.5324275874374901,0.7844852067057866,0.964376524813353,-3.372496084877639
30306,0.013572489293416423,0.221829796292594,0.08710805209223625,0.7198078505956591,0.8389642550579501,0.20312655072618505,-7.576760258102521
30307,0.03564903185066084,0.46882981748024866,0.1282454122208876,0.8568981730148582,0.9840366901309483,0.3095681843143115,-6.874174198839216
30308,0.022616258970837168,0.29511195513439575,0.14798706090759095,0.8696573219779777,0.7545896422672956,0.11800254433055914,-4.695529491650166
30309,0.04521970994175175,0.3307683811017558,0.1122243304055209,0.6894245815521365,0.7121551023216216,0.12716661083093442,-9.870403947818012
30310,0.01766915683373154,0.5652770680272508,0.10133873944272825,0.9965836002627643,0.9461731319654927,0.7867932806152861,-2.8572872505096
30311,0.0006923344998027057,0.2928426717533634,0.1305938684656716,1.4975110476703963,1.1112401911444643,0.3905736120148945,-1.9760712735332664
30312,0.04408670271615336,0.490121339612785,0.12176868043770452,0.7788927035390845,0.9571485281041434,0.5204746556695956,-6.295884049102934
30313,0.017339383015133776,0.3003350677373589,0.14369897742788218,0.8315101037856616,0.5223221872257834,0.7350268391208316,8.349567778223982
30314,0.037029260787716664,0.2916434192909421,0.12925214796693998,0.5919951025579524,1.0343108014788909,0.15033854149585882,-2.0454458464202396
30315,0.03043532785466955,0.4882189306182564,0.11182386860202811,0.6515406286025149,0.5564995753642851,0.7318048138307932,6.972448242214654
30316,0.03311415836491612,0.4738519312300083,0.13904813998097756,1.1706825185247096,0.7624461268899076,0.939298430158393,-0.9271405364815593
30317,0.031504737609298665,0.3673504838892318,0.08308006529870757,1.3054165641147533,0.8509360293913455,0.19471675916358047,-6.9530862025881675
30318,0.018898834285811687,0.25934603228045583,0.11435365571878517,1.395793791176871,0.7335172407521681,0.37643589769303215,6.15125950353238
30319,0.0284099385516584,0.42654082350589223,0.09083469844204432,1.327383565380922,1.1205962678845032,0.21088647329183838,-9.506714997118241
30320,0.014578467347329921,0.48342528234525833,0.12975284661191708,0.7214148631164079,0.6671371629919739,0.21717276374347297,4.167693993857496
30321,0.025454046814043337,0.5535910785013483,0.0867536663440706,0.8274340572721909,0.7014236361551679,0.9970733922292874,-2.3694873788295006
30322,0.036328565230417637,0.5421400025039351,0.14657996903302825,1.0131976935961524,0.7768165319272264,0.9344642057982633,6.588511868067389
30323,0.02375616748288062,0.47477303362465656,0.11791753501416491,0.6553736134214452,0.9206375608989051,0.24829106949634694,7.227219870429277
30324,0.028316334312319825,0.5072438862726503,0.12512936506129402,0.6078059315635327,1.1630228618809468,0.7706954025150898,-0.08731452487973002
30325,0.012368825924849268,0.29112107058034636,0.1095294797575553,1.453902222054753,0.7740300940711183,0.3638328525495572,4.491102754520284
30326,0.04608377878905341,0.2416399222297607,0.1413095197138105,1.08905514719025,1.0293000837308877,0.31648822525754666,-4.143266647187641
30327,0.018626449754850113,0.24598633521357952,0.12890536975516914,0.5943142540076909,1.1529399122599546,0.5034923103022623,8.63290751343056
30328,0.024202830381586264,0.46256865535439357,0.13738036540543053,1.0789205032698592,0.7058024521897488,0.14500363193418678,0.7957487196806294
30329,0.02962931642398517,0.5545910041669262,0.13881059736293916,1.1768128391078263,0.6462454361378943,0.4770743543747297,9.007818733259036
30330,0.0350262511860008,0.44275074140761633,0.09063423384638926,1.0030621322246558,1.1188304527890232,0.35821372609534435,6.732762010443913
30331,0.0024184337987428486,0.44685340467481727,0.10223603764844572,1.2486704256000707,0.9688002546477861,0.23543872244689523,9.967964282262635
30332,0.03604217039642524,0.42896301414884025,0.13123949141173813,0.5770389827370443,1.0378461088297182,0.42716361204307746,3.3522954564194833
30333,0.04798377186138145,0.383931095103384,0.13803716207816005,0.7875969405342391,0.8928620199698678,0.36174925439968164,-6.414255843689959
30334,0.004531274225625077,0.3235108043382496,0.08450540327234418,0.7765427338575117,0.5425358015389912,0.5106015194251032,-6.166397038465243
30335,0.020785235438122007,0.5171400644235169,0.11663076590697918,0.5201283030021377,0.581749747028469,0.3430711409207936,6.790225865311591
30336,0.049635648653795196,0.2854475615764004,0.11465590493441738,1.0360309174297937,1.060013988969104,0.43374021275141134,6.828615760845654
30337,0.008430436109678245,0.5255115858673347,0.08355413332510934,0.6675216307191254,0.5419988693993213,0.30092162777655906,-0.70735136969199
30338,0.020517701090267324,0.2874528953756758,0.111134700092585,1.2379505825213764,0.6435142754460392,0.3552085495908697,4.650264639742158
30339,0.043602679803678185,0.3792783166568727,0.1400378651570289,1.3899509614201861,0.8992757285030001,0.4451573611015985,1.4661104601847939
30340,0.048456350265067595,0.5860437413348638,0.14261908833921105,0.6411445092087737,0.7264030113662285,0.44202068677670797,7.400100709571937
30341,0.013321841823086373,0.587438174736532,0.09642764796516923,1.351036856319158,1.175954612083613,0.6743127721589971,-0.9174097250638695
30342,0.008695047586225009,0.2940146221349393,0.11623380710630024,1.0537193395890334,1.1729655054779324,0.7523115238236853,-7.969879119523656
30343,0.043713315923352154,0.35865410152335825,0.10256435378273236,1.4718084299292022,0.6721584795142129,0.9405910120327974,3.9650721688392636
30344,0.028887892540112932,0.5051902370381884,0.10849573707473184,0.6690474681898321,0.6750809797481434,0.3706176236273597,-1.0548246637467145
30345,0.007661014482830172,0.4135324285123373,0.14776408465643506,1.2501264577852669,0.9630160398755767,0.8056921587787376,7.342031346880752
30346,0.035404030298846395,0.5918934186681009,0.08508720604783897,0.5748471197865214,1.097435875134062,0.7837259459808866,4.3701401507949384
30347,0.009542437113892702,0.4054055671401904,0.14629176655274076,1.4855273728479084,0.6160486807122261,0.021689766792744803,-2.8351907491529946
30348,0.005683510234730857,0.3754987277174774,0.12415721013291373,0.7170964677290775,0.8227639860391389,0.8375147719852472,0.26050183426717055
30349,0.020345813653497427,0.36217060241164856,0.11503849420442198,1.1183208388300958,0.673789195233718,0.09517181375114994,1.963666483607721
30350,0.017778198907709326,0.4376024956835496,0.09157440701749578,0.5642623283489632,1.1377274518873417,0.47497991258564237,1.947795319018777
30351,0.04698993451438871,0.5700519936830758,0.086312750856441,1.3910218967223857,1.1910572286596022,0.8446318165976985,3.4973571953537625
30352,0.03597351950525268,0.27780085080258465,0.14016382680310255,1.0989334537257718,0.7110084364255191,0.051289353525654766,5.201658122929111
30353,0.014091732415153463,0.4110507147484558,0.12269080514939884,0.9563867562346795,1.0783798661112258,0.7551464900554573,8.733893385215385
30354,0.038409528279320156,0.26928773561174735,0.14940912045623164,1.4080440496396327,0.982978643494264,0.19790521710026218,2.5550518223106717
30355,0.04919812693513952,0.27675841241940785,0.1382504203208752,1.4862946327256985,1.075319425324162,0.428753639024141,6.055239611077361
30356,0.015592748019662353,0.45207072045862534,0.11989692707695998,0.7689102956159093,1.1591654819273178,0.48692658273794653,-3.001507814067958
30357,0.02184393909973659,0.23855867327344185,0.13436702282564447,0.8511756785741534,0.5976154499012988,0.10466097780533597,-9.907450225042092
30358,0.016776315174360634,0.3996780583904206,0.13324284765367475,0.6326984579823417,0.5861658246035374,0.11566718940717619,2.0286399205229806
30359,0.010868809841358185,0.5802892981244117,0.08030532076923512,1.3689688576015815,1.0516350542624286,0.705451021401218,7.252011745966346
30360,0.03119320248002176,0.3892047489311731,0.09843382936894975,1.4333434293423848,0.6545966673262948,0.9913072507777391,7.141843922234692
30361,0.02397742271169747,0.5460428697280245,0.09566014384984589,1.258948543114358,1.0679702530868358,0.4129306731237236,-6.599530028303287
30362,0.01894005578315952,0.35981308363295217,0.09270488267455881,0.855334277451383,0.9603452196694054,0.8905716493682703,4.599428417645244
30363,0.04763429003146934,0.541325926500892,0.10670960663341539,0.7327387969201251,0.9400334712233964,0.668542170038042,-8.982667165072268
30364,0.0486987425770115,0.37028664981939874,0.12371105615304481,0.703622499500467,0.884615540860373,0.9095111099061138,2.2834102493175283
30365,0.0074070350673275725,0.2081516020150063,0.11374552196439511,1.458054570678978,1.0026765895591958,0.6444248588891874,-0.014922879577239812
30366,0.047774142978409595,0.5045602136320896,0.09403045434173254,1.3378280795506559,0.8409705512490806,0.945833630678997,-6.780958065566152
30367,0.02153170375893103,0.25814629514645454,0.09285427158936659,0.5926122138947718,1.1926546667165452,0.6074819991661826,3.208346277913394
30368,0.033371143253743685,0.472143793179108,0.08286918784334105,1.2727858830808474,1.1411352401541697,0.7987331127614189,-8.505975425562449
30369,0.010316083137552902,0.24397303655769054,0.10081615765312664,0.9019669506688814,0.973844349966249,0.3241812607078796,-7.9567708243817306
30370,0.021991629527557566,0.2241449727146246,0.08961519675816355,0.5518197886564389,1.100371179385121,0.2650868334008976,0.08012681079509854
30371,0.014689542405661208,0.5514184710161348,0.14301190476477565,0.8851008904571744,0.8250775131742345,0.07295916771969803,2.2517331987208173
30372,0.0015629940204589681,0.24963238754564845,0.11919262162277705,0.953704579901093,0.5484000348522591,0.854912283212023,8.141919507913148
30373,0.00400714868066234,0.5997978139422324,0.1321117400204566,0.867483940937162,1.0567975994135903,0.004738347784165662,-1.526087655847146
30374,0.009322870345477562,0.544849445412166,0.12344511278779187,1.4908011191324448,0.6846312336290785,0.018519768140735738,4.636483516671952
30375,0.014108038771638978,0.4621055810099348,0.1384377739706301,1.1637174906298444,0.9886446896145158,0.008171343256469125,-6.21730513928938
30376,0.040239807554513854,0.30814272779073326,0.13943226041330012,0.7117578182688644,0.8203529860885905,0.13784588807209774,-6.386703822603821
30377,0.017861488125824155,0.38313182097904175,0.13355808016822798,0.7624815133394671,0.6975267373797941,0.9858183886182269,-7.696961138574203
30378,0.00576164912514102,0.4322105124521884,0.09480785391416723,1.051592813097882,0.7371677370586871,0.9211164204055444,5.023145028702045
30379,0.02272128596880477,0.21725398750570707,0.08629613653942847,0.9611625777576236,0.6064910940945158,0.3454281134929689,0.6257627589708505
30380,0.02089940722747137,0.5398262822493987,0.1172433559335811,1.1343968934930047,1.050999918894795,0.3945549135389344,7.789918681109953
30381,0.0058266083912011275,0.5476422680839623,0.12779156350426135,1.2618238517189746,0.7905976199652625,0.30325880972202623,-3.8013116422401136
30382,0.04876872606951517,0.3853994363196752,0.11709819220114401,1.0142891726636574,0.9425003443812549,0.47861431577662705,5.463660779125059
30383,0.021368717349447487,0.29746938835375775,0.10711640339444815,0.8233872408587466,1.1975809034848612,0.5294723448402834,1.53811078186542
30384,0.010436035369939181,0.20019741496364024,0.11028713075360054,1.115094829327753,0.9474051532057286,0.1084160091174673,7.962688550919609
30385,0.011929495428542604,0.40269197833847103,0.08787827573602779,0.8417952451527829,1.198604526312097,0.5896031785003731,1.6825376785664332
30386,0.006502223528791988,0.3446384386315799,0.08654757480893822,1.198838278521021,0.5674767558311696,0.4645865072595225,1.2926019258621775
30387,0.04939882115274241,0.23692836664460198,0.08387984442653196,0.5848557395216887,1.0254420358948404,0.9129104744079065,-2.120681504862901
30388,0.011661264167181816,0.4905920467123001,0.14556859945641265,1.0900053145852162,0.6062755559022523,0.11650908716169583,-4.618168053089146
30389,0.02007773739503358,0.34697001980970443,0.13742920745966536,1.2973146232618549,1.0539902935612968,0.9271192376347643,3.557586273304427
30390,0.02720782914943745,0.5195895953825271,0.10456414816725151,1.4483454212465388,0.5023922119362813,0.48279742243141266,-9.263353334478898
30391,0.01805508780474217,0.4043271924211925,0.10977860032926434,0.7601971783208371,0.7784468353467167,0.024245546105289527,3.3081281241172853
30392,0.016312817544322025,0.24428261939863566,0.14599416475704344,0.5381494543679068,0.6314487953644315,0.1546911481739478,0.9897044756720454
30393,0.008175647897014596,0.3810645701865313,0.0812234061922226,0.7963738394991933,0.8378260427523556,0.6404063682259644,6.478088686346943
30394,0.003186469025109378,0.2655156953499279,0.12811721021750896,1.0735502597007736,0.7209583402245563,0.8214557899960074,-9.217531239359568
30395,0.024415332923005333,0.2367287838990147,0.08246688359664993,0.6245567295139368,0.5230646553429188,0.2918320847615615,-3.6193826169337324
30396,0.00010538210188022225,0.3056830963125728,0.13287436439266964,0.8328751888895531,0.9547989888818021,0.4194029993502531,-7.0503214148658255
30397,0.010055924967713367,0.5260690072319789,0.1365628394090568,1.3724901602573272,0.8814164989255014,0.2509082415361311,4.5323156812796555
30398,0.034197961061899734,0.48035146814794893,0.13224271132463736,1.1383676573875383,1.135724742469555,0.9800908909742072,3.6441803210302215
30399,0.042242339874874066,0.48628260263613676,0.14093884781987376,1.451130249271131,1.147799085072013,0.7220499671896647,-5.844596682207918
30400,0.037548042334119236,0.32455782333565714,0.13503169611368085,0.5607875929616896,0.9035995446983265,0.4664009197589077,-8.562421490348822
30401,0.03451915210378286,0.3320682417393072,0.13478636287634546,1.018966053477719,0.6659982082970866,0.3275643294471636,-4.358405878467599
30402,0.026345655877774005,0.45493757922158573,0.12252515297020466,0.8078565840688754,0.7147154263433447,0.5790872090062896,-8.291935343228658
30403,0.03675915715429881,0.4671025550294701,0.14087612113176345,1.3470180968975418,1.112916996418806,0.24506863531608797,-9.101236151927576
30404,0.034309956621961915,0.33410413119192434,0.12708635727513445,1.287069258566018,1.1662942299468222,0.2146623420082237,-8.894395544499513
30405,0.01919205987299378,0.26071940841003244,0.10736417296812922,1.06319555879035,1.0720858675580476,0.5251699002307084,-5.199845893367451
30406,0.0492090013963149,0.386821550672993,0.13246915706687273,1.1829648193394595,0.623360286344684,0.7782472241962585,-5.37776416714841
30407,0.03440871069390974,0.3459131509398021,0.09257553285103444,1.0228106358607283,1.0402055211186285,0.8185051870940641,5.178322735276099
30408,0.04357102176112625,0.5146428280565187,0.09126740751072351,1.3526295779287976,0.6907142305627251,0.6722126167695288,3.7475752823522654
30409,0.0485296738636654,0.4538701053744694,0.09439800535605841,1.0575758112486144,0.6616533343403488,0.6591208908219431,4.064445769884728
30410,0.042162581296706025,0.4244385303052607,0.10548081763609399,0.7659151307659956,0.5171311174006717,0.039723382441083026,5.623078173328199
30411,0.018575636209174348,0.46566589398009395,0.12854637393858917,0.7535652914129816,1.0427408368401407,0.3114273989500383,8.195479396439293
30412,0.004158323841015106,0.4888668857487078,0.12459902689986108,0.9942411019552025,1.0919168744361336,0.835557762615654,1.333455190358297
30413,0.03186646286502479,0.3607518233789563,0.11583732494541019,0.8397916008813666,1.0551964240880216,0.061653111885758845,-6.827628354626212
30414,0.0011244964601068797,0.5223052122428766,0.13302083845508783,1.4692707482751386,0.8558702020242712,0.6109347526638154,-1.8372257075562857
30415,0.026503972661482723,0.4445764470725032,0.12662845169128142,0.6902066764846962,1.098409051105047,0.714553365406404,4.268000308448528
30416,0.023880832940683334,0.2838961059846926,0.1076868451175218,0.8379854002284797,1.0284102861447524,0.8791874832786329,-0.6004019162875025
30417,0.025967341370749117,0.5666665047797883,0.13098011461642342,1.357430796740791,0.5643055130998098,0.5049641513932049,-9.347713402607033
30418,0.0187313640437042,0.5754908090738278,0.14483934584893737,1.3173872815689531,0.8883426569320719,0.7270342127082741,6.410800970696101
30419,0.013603433684825864,0.34317291698836755,0.11146822358476831,0.6382786283842001,1.0493020832096853,0.1311327009949696,3.3803717811246354
30420,0.0027728243328183264,0.40381955319669627,0.14164986072437136,1.443062499506934,0.8637374386324588,0.12366645766306031,-1.2444473070594402
30421,0.03742654695633112,0.5940907111387863,0.14215628145532727,0.8749657811615523,0.5782453430102343,0.7413004251734272,2.1054349475367182
30422,0.016608844251441886,0.29874316307306775,0.13649820561060033,1.477144160269384,0.8696414361567295,0.47323263264714677,-9.926088896962174
30423,0.027876845446486477,0.40641896373873454,0.14892813902521618,0.7731000427856418,0.8618687387259625,0.1658376481690102,-1.7397998467314437
30424,0.032600101844895264,0.49151964939974646,0.1491045148725419,0.5145161927046584,0.9942188464426798,0.9872805188588251,-1.3144280990275767
30425,0.028627056816955588,0.5688086146546649,0.1496547358206142,1.0266272444036906,1.0433429696548113,0.23760467052326584,0.6719555199614451
30426,0.038978737821413895,0.4085750220896657,0.09449128928448586,0.6019174849231494,0.9215696214598614,0.9363716922651378,4.714117843199407
30427,0.04166220927951296,0.3498779640438294,0.08078750789542795,1.01169556475259,1.0894888586865514,0.1937366689910594,9.541498248835573
30428,0.020242179358147025,0.5712968387595805,0.08469906036970277,1.344327703818108,0.8456070541438785,0.2870371314709337,1.8175778233841893
30429,0.038634049703536594,0.3093391319269411,0.14389890738568134,1.4161133828727692,0.7665022582789627,0.02740951730229308,-8.740116572340995
30430,0.019606563881650094,0.4286888541929531,0.10153220315388559,0.7230526092222677,1.0831895845529775,0.07835669104094876,0.2326365478784851
30431,0.0490440672999987,0.33295955564846236,0.10623068316143441,0.6352324499171558,0.9310253795702934,0.5593216946501767,-3.319216895506287
30432,0.009615153875301931,0.35783410304351515,0.11198662638084354,0.9061026239694047,0.8144309781120924,0.23813660006956433,-1.6869640625670748
30433,0.031490097632888146,0.2291573016279699,0.14157882896844204,1.1862403025601633,1.0248741477623704,0.9626931531960315,7.810602492291309
30434,0.044985401913525076,0.39513317933386377,0.10793793136557168,1.3401913905109102,0.6884086466265574,0.6009322945774702,0.6824169702009186
30435,0.04293314143537577,0.22547836591493414,0.08272679207839863,0.5366194464543521,0.5140348483200395,0.9930346859322066,-6.5435467715424736
30436,0.04288853788220183,0.4481613012836726,0.1148165593351042,1.4340400150464174,0.911245362636923,0.6152864807158509,-5.263163838870128
30437,0.009903029466161234,0.4969797913386108,0.10108007396154808,0.8015039593787677,0.8321960485478219,0.2545021212827912,-0.9785472516808706
30438,0.02904439773314235,0.5440509373711337,0.10523620169080386,0.5105671041267797,0.7569048658452409,0.8003897085840098,-1.3489475491489973
30439,0.03901584183066926,0.382382325049562,0.14769935741492118,0.8901527375174587,0.6781782502344282,0.7108808751983884,8.006072396999762
30440,0.0270944303691257,0.4778635306058879,0.1204721788262289,0.6963680971412066,0.5252618475981392,0.5153231483747799,-5.880926152581431
30441,0.010564050993683259,0.26829778486196737,0.14755232980643068,0.7940561219966096,1.1490384466386998,0.6603410714337836,2.0783241847129155
30442,0.012827204475316122,0.2773191304592706,0.09857932608464678,0.8864932885095191,0.8761216812246659,0.3693737181570685,2.1958872392590028
30443,0.00873188745787344,0.2703945852876933,0.1402278310477592,0.9499435752265648,0.6421013345307889,0.0010659901102785497,-8.052334982851288
30444,0.038710305655653164,0.5204788806391496,0.09904906654495874,1.1546694387191505,0.8720406936547167,0.8536654569817541,-9.143268590029786
30445,0.02346276189745919,0.20279610821990265,0.10316737213476891,1.143082050458813,0.5183936349561507,0.2400881169855789,-7.14553001239458
30446,0.03647158294310738,0.4967337886586263,0.10407315797463831,1.244096068790411,1.036477881033305,0.13284477097832897,0.8312964329676653
30447,0.02336967442773545,0.27279064400434694,0.10596307329255918,0.6751384198829276,0.5095088656497081,0.13895915346148593,-8.161660457005924
30448,0.04992352216728613,0.2281202044461692,0.12470884944204391,0.8643974164486327,0.5116415893560887,0.7019001012151392,-0.5602849878664724
30449,0.03533217726720815,0.5239644638638672,0.0949658426930222,1.4790760747088019,0.9288662756060766,0.69465967480012,8.263075827602126
30450,0.047447845199622446,0.20501045357459788,0.114295403783786,1.1811930497913596,0.8692806648948361,0.5814214942608922,-5.064273282123438
30451,0.023251021222957524,0.45651850406205174,0.12496000469908652,1.3609538425081753,0.8279151980243671,0.9589764011519987,9.595314449333664
30452,0.02609533772520243,0.28575924259938934,0.13543997946692365,1.0068298026800504,0.662796218543588,0.1623391387409658,0.938090406518965
30453,0.0066469350788167965,0.34340274270840726,0.08000829631344852,1.3993837605428032,1.0963377958464107,0.9141798467113382,5.062532563809093
30454,0.022272613863982514,0.2920311872403551,0.11358721630363064,0.9866886908945574,1.000976799736156,0.2438565602017605,-2.574421783566166
30455,0.046166391215588076,0.2831199771890387,0.08993795988904617,1.4931846604363348,1.1026937416802278,0.17254960124386448,7.016454142305491
30456,0.03737292878411686,0.5746520917425209,0.08145901280327554,0.8764422484877872,0.6531625648966586,0.27956394763883496,9.690201612847293
30457,0.008889776828892627,0.5574268809127656,0.13700226053776265,0.8197165463131846,0.7407858467704492,0.09013577209858331,4.3127245326143
30458,0.03939544229082291,0.5131067978421451,0.12621852832283267,0.8818935482305359,0.7175996311378795,0.5494603275246226,-2.659828805457275
30459,0.004376496364610365,0.4697871261364049,0.14721540661975419,0.6737308342971258,1.0623602057925385,0.33490761262546415,5.947334349039526
30460,0.0007276574397797106,0.48461393025133875,0.09657381804755437,1.3753228431874676,1.117301181250813,0.2525932455960832,-0.13195515158698257
30461,0.039652896217557326,0.4364847821708544,0.08225949844461114,0.6448316504570704,0.6972769163604033,0.6539477620360182,-8.411593714799203
30462,0.034633637464021864,0.42984269998929403,0.14846616645794206,1.0597474825894342,0.9527833090734086,0.5065115591108443,0.5461454167889013
30463,0.0021165903993240745,0.3684457146476586,0.08694957817595377,1.2226267143855551,0.8852999206755477,0.6203659952088345,3.252049826960228
30464,0.038064515238123285,0.45686852543560513,0.13978623905383414,1.2782242458064188,0.7722436959409347,0.2690854921383938,-3.71757696531529
30465,0.03288305270921699,0.27412609512570146,0.11259979428412728,1.3768279366632277,1.1739685855850173,0.576424806822946,6.341781392481856
30466,0.00908121121105136,0.20442020385743526,0.12387790613318762,1.2112504189127975,0.9793410929619625,0.3991663035700754,-1.2320229805248886
30467,0.03428187777607234,0.5708826364488395,0.13600575586932728,0.9655298364998994,1.1281534074339903,0.7626478623174466,-9.474935872517936
30468,0.029943679421519948,0.5087813660679901,0.11533699991974955,0.6023039827487697,0.5956861838563288,0.07129206275926665,-0.19080163932493477
30469,0.0160134905653919,0.4706658542112961,0.14545547805886025,1.032037439935596,0.5946998873219934,0.2630322212841197,-2.9204416405981846
30470,0.011437065116516758,0.2063119770239894,0.1101665205633787,1.431664039027766,1.1244959616268826,0.8113748491624839,-3.217472959982449
30471,0.0294712645561693,0.3415968134267635,0.1313474059272412,1.2156777698090835,0.8305107410535542,0.9797679510864973,3.076494227999989
30472,0.0471092056699883,0.26134624941044104,0.1392704626380604,1.1681284136869095,0.58855230882389,0.28031608820031056,8.296180813218545
30473,0.008933752905061034,0.40576042460359185,0.0936082874483571,0.9825585492452404,0.8169458580284388,0.3388544072444522,3.1056881020270524
30474,0.006894611342101073,0.5228015931981611,0.0904630579444239,0.9028570883437261,0.6039922862173895,0.6025451139847429,-4.79983454101348
30475,0.03613471237346532,0.44881580750577943,0.14344777768272599,1.4720232290576971,1.1224595804728663,0.8498267436698924,-2.429647158505345
30476,0.02870753784338216,0.511097121769889,0.10773916357382596,1.0312897605934555,0.9970930101889317,0.5433878760654752,2.7502699873298333
30477,0.04558430609600749,0.4632816137937884,0.09008740401336995,1.3638843701713836,0.8485657584208075,0.5455642785981594,-6.607256769391494
30478,0.015892271424463977,0.5090449907453385,0.0884583483360176,1.4569974959776353,0.5075744084160385,0.09320659202259401,-8.449497417352294
30479,0.022040933410912397,0.4354045402068949,0.10244166404576818,1.0704615942669107,0.7364835680581505,0.7177439165306857,-2.3173192868200356
30480,0.015465201883844093,0.5827241188479584,0.09628359537894132,0.5801005547305376,0.8738797229051576,0.09879422400042696,-1.764041579944779
30481,0.033067981863138335,0.2842876609875372,0.14689664571369712,1.1221218822516807,1.1712296395882684,0.33637852107324606,-2.332948290247181
30482,0.008584082216217637,0.3253337119389333,0.12602995442188264,0.8110275742181212,0.9864128655416062,0.22601207582850852,3.817811440682892
30483,0.02470641294099119,0.24795373726274508,0.08027106755911204,0.5284683033641101,0.7947006780499503,0.3463905237367529,-2.6946401594554032
30484,0.019707981401907618,0.4732402768275923,0.08296537420333835,0.9314523552390408,0.83499019078441,0.28295435029690885,7.902668410809312
30485,0.025175573889211003,0.583908378052976,0.1265016512419682,1.4672580866614255,0.9675008473489535,0.41166178766861544,-7.377332981376381
30486,0.004601447447679007,0.5390569905484583,0.0840961488888258,1.0808979193850536,0.559031300161355,0.5673901360883103,-6.997428676531891
30487,0.014931530526021253,0.2509158885690424,0.12406651494664503,0.8930008793200315,0.5875334304697613,0.15605571856026715,7.3813501209633365
30488,0.048263181174186966,0.24524750956371338,0.09357462838893611,1.4230304316650446,0.9358032712249237,0.0521737635212468,6.365014807466661
30489,0.011754471540019164,0.5662766323347252,0.14862341731403675,1.4065435106226225,0.7748396262340089,0.5360820987636159,2.433205570020757
30490,0.032369064511907436,0.44736004430013177,0.12425338003357038,0.5791819563206857,0.9696576826020412,0.9002965890477094,-2.7732224034010358
30491,0.017480467313751823,0.5504902704254558,0.09946865966659324,0.8829239694620514,0.8367592820716379,0.04205429666490122,0.0464345711325187
30492,0.02737053805876831,0.3931733445154273,0.10806505774336135,1.3123304554141828,0.5704707573449601,0.9891260268584698,-4.53848723943186
30493,0.02244663618268683,0.5017464464940358,0.1325954193077195,0.5486889106254393,0.7484228045515161,0.14865350134752217,9.291817270420879
30494,0.03205243528480687,0.3666529872334162,0.1243989200822534,1.4440099168153502,0.6263008701136756,0.7560065835641103,5.73354067921202
30495,0.01215434827586001,0.3104891599927078,0.08664596454844489,1.3927184422670342,0.8043183015823834,0.8839621721358862,-1.8630749029932687
30496,0.0005812094506655773,0.47974197900840265,0.12575788508740413,1.2308163321859231,0.9252031778832084,0.17961632165985697,6.501040752342156
30497,0.026775107343696914,0.5964392992273652,0.13087470966300324,0.963940096125141,0.750539828306447,0.28572012547282505,-2.0286472793544066
30498,0.031332378014867254,0.5326995926575004,0.11328009765184172,0.9519423722533172,0.8946813150488672,0.7847130089160669,-4.887791965787085
30499,0.018324455698083324,0.32152186614185957,0.13974804106167418,1.1927463819837962,0.6826127182155262,0.9314800623608293,-0.7993773981572776
30500,0.02983690863473258,0.5313559762158641,0.09064189080346413,1.419762061745038,1.1881995165858021,0.7929046143880656,1.656171665537924
